meanfreq,sd,median,Q25,Q75,IQR,sp.ent,sfm,mode,meanfun,label
0.188686654,0.030088809,0.188979592,0.178367347,0.206530612,0.028163265,0.816766614,0.196282712,0.186938776,0.176681608,female
0.077315503,0.083829421,0.036718459,0.008701057,0.131908017,0.123206961,0.846389092,0.478904979,0,0.098706262,male
